Title,Source,Description,Published At,Sentiment,Sentiment Score,Risk Analysis,Risk Score,Risk Detected,Risk Level,Combined Analysis
5 important countries for Russia's sanctions-skirting economy,Business Insider,"Russia's friends — or frenemies — aren't all pariah states. Some of them enjoy good relations with the West, too.",2024-12-24T00:00:01Z,neutral,0.47849681973457336,"To assess the provided text for supply chain risks, we need to examine the geopolitical context and its implications for supply chains.

1. **Geopolitical Tensions**: The mention of Russia, India, and China suggests potential geopolitical risks. If relations between these countries were to deteriorate, it could disrupt trade agreements and supply chains that rely on these nations.
  
2. **Dependency on Key Partners**: The close ties between Putin, Modi, and Xi could suggest a reliance on these countries for",0.0,False,Low,Low Risk - Neutral Sentiment
Coffee’s Grip on America,The Atlantic,Inflation hardly hampered Americans’ love of buying the beverage.,2025-01-03T22:56:00Z,neutral,0.5333521962165833,"The provided text appears to be an excerpt from a newsletter and does not contain information relevant to supply chain risks. As such, it lacks context regarding supply chain operations, disruptions, or risk factors. Therefore, I cannot assess any supply chain risks based on this text.

**Risk Score: 0.0** (No supply chain risks identified)",0.5,True,Medium,Low Risk - Neutral Sentiment
"A palm oil company, a group of US financiers, and the destruction of Peru's rainforest",Business Insider,"A company backed by US financiers sold ""deforestation-free"" palm oil to the makers of Cheetos, Colgate and Pepsi. But its investors have ties to the company that cleared Amazonian rainforest for plantations.",2024-12-31T09:07:01Z,neutral,0.989966630935669,"To effectively assess the supply chain risks associated with the given text regarding palm oil plantations in Peru, we would consider several key factors:

1. **Geographic Location**: The plantations are located near the Ucayali River, which flows from the Andes to the Amazon. This positioning may expose the supply chain to environmental risks, such as flooding, landslides, or other natural disasters that could disrupt operations.

2. **Environmental Impact**: The palm oil industry is often linked to deforestation",0.5,True,Medium,Moderate Risk - Negative Sentiment
Coffee’s Rally Forces Traders to Seek Alternative Hedging Plans,Yahoo Entertainment,"(Bloomberg) -- Coffee prices have been on a tear and for the traders who buy, sell and ship beans around the world this means navigating additional risks...",2024-12-24T10:01:19Z,neutral,0.9966447353363037,"To assess the supply chain risks mentioned in the text, we can break down the key components:

1. **Rising Coffee Prices**: This indicates volatility in the market, which can lead to financial strain on traders and increase costs throughout the supply chain.

2. **Additional Risks**: The mention of ""navigating additional risks"" suggests that existing risks may be compounded, potentially due to factors such as geopolitical issues, weather conditions affecting coffee production, or changes in consumer demand.

3. **",0.5,True,Medium,Moderate Risk - Negative Sentiment
The Colombian coffee growers protecting the spectacled bear,Al Jazeera English,South America’s only native bear is under threat. Coffee farmers in the Andes are doing something about it,2024-12-22T15:18:24Z,neutral,0.9848864674568176,"To accurately assess supply chain risks based on the provided text snippet, I would need more context and details, especially regarding specific risks related to the coffee farm's operations, supply chain dynamics, and external factors. However, I can outline potential risks based on general knowledge about supply chains in agricultural contexts, particularly in regions like Colombia.

1. **Geographic Risks**: The mention of the Andean mountains suggests potential risks from natural disasters such as landslides, earthquakes, or severe weather conditions, which",0.0,False,Low,Moderate Risk - Negative Sentiment
10 Weekend Reads,Ritholtz.com,"The weekend is here! Pour yourself a mug of Colombia Tolima Los Brasiles Peaberry Organic coffee, grab a seat outside, and get ready for our longer-form weekend reads: • AI Wants More Data. More Chips. More Real Estate. More Power. More Water. More Everything…",2025-01-04T11:30:05Z,contradiction,0.5283610820770264,"To assess the supply chain risks in the provided text excerpt, we will analyze various factors mentioned in the context of increased demand due to artificial intelligence (AI). Here’s a breakdown of potential risks and the overall risk score:

### Potential Risks Identified:

1. **Increased Demand for Chips**:
   - **Risk**: The semiconductor industry is already facing capacity constraints. A sudden surge in demand for chips due to AI could exacerbate shortages and lead to delays in production across various sectors, including",0.5,True,Medium,Low Risk - Neutral Sentiment
10 Weekend Reads,Ritholtz.com,"The weekend is here! Pour yourself a mug of Colombia Tolima Los Brasiles Peaberry Organic coffee, grab a seat outside, and get ready for our longer-form weekend reads: • Tracking Putin’s Most Feared Secret Agency—From Inside a Russian Prison and Beyond: The s…",2024-12-28T11:30:32Z,neutral,0.93526691198349,"To assess the supply chain risks based on the provided text, we need to consider the implications of geopolitical tensions, particularly those involving Russia and its internal agencies. Here are some factors to consider:

1. **Geopolitical Instability**: The mention of Putin's secret agency and internal repression indicates a volatile political environment. This can lead to unpredictable actions that may disrupt supply chains, especially for companies operating in or relying on goods from Russia.

2. **Operational Risks**: The reference to a spy",0.5,True,Medium,Moderate Risk - Negative Sentiment
10 Weekend Reads,Ritholtz.com,"The weekend is here! Pour yourself a mug of Colombia Tolima Los Brasiles Peaberry Organic coffee, grab a seat outside, and get ready for our longer-form weekend reads: • You Want That Gift to Arrive Today? This Is What It Takes. Retailers like Amazon, Walmart…",2024-12-14T11:30:31Z,neutral,0.873213529586792,"To assess the supply chain risks presented in the text, we can identify several key factors that may influence risks associated with timely delivery, consumer expectations, and the overall logistics involved in fulfilling orders.

1. **Consumer Expectations:** The text suggests a growing consumer demand for same-day delivery, particularly from major retailers. This increased expectation can create pressure on supply chains to perform at a higher level, leading to potential risks if the logistics cannot keep pace.

2. **Logistics Complexity:** Meeting the demand for rapid",0.0,False,Low,Moderate Risk - Negative Sentiment
US-sanctioned state to become BRICS partner,RT,Russian presidential aide Yury Ushakov says Uganda and eight others have agreed to be BRICS partner states starting January 1 Read Full Article at RT.com,2024-12-24T09:36:19Z,neutral,0.9895141124725342,"To assess the supply chain risks associated with Uganda becoming a BRICS partner state, we need to consider several factors that could influence supply chains:

1. **Political Stability**: Becoming a BRICS partner can improve Uganda's political ties with major economies. However, the stability of the Ugandan government and its policies will significantly impact supply chain reliability.

2. **Economic Factors**: BRICS membership could enhance Uganda's access to markets and investment. However, if the partnership leads to economic dependencies or shifts",0.0,False,Low,Moderate Risk - Negative Sentiment
How Christmas is celebrated in 21 places around the world,Business Insider,People around the world celebrate Christmas in their own ways. Here are some photos that show what the holiday looks like in different countries.,2024-12-17T17:08:05Z,neutral,0.934695839881897,"The provided text appears to focus on the cultural aspects of Christmas celebrations, particularly the use of lights, but does not contain specific information about supply chain factors, challenges, or risks. To assess supply chain risks, relevant details such as supply chain disruptions, sourcing issues, logistics challenges, or any other relevant operational considerations would be needed.

Given the absence of such information in the text, the risk score for supply chain risks, based on the content provided, would be:

**Risk Score: 0.",0.5,True,Medium,Moderate Risk - Negative Sentiment
"Everything You Should Order At NYC’s New Vietnamese Bakery, La La Bakeshop",Food52.com,"As a part of our Snack Shop series, Annie Arriaga investigates the latest and greatest viral snack shops in New York City to see if the hype is real, if the snacks are yummy, and if the spot is underrated, overrated, or perfectly rated.
 
 Not every new pop-u…",2025-01-04T06:00:00Z,neutral,0.9614486694335938,"To assess the provided text for supply chain risks, we need to consider several factors related to the supply chain context, such as sourcing, logistics, consumer demand, and market conditions. However, the text provided seems to focus primarily on a review or investigation of snack shops and does not contain specific details about supply chain operations, sourcing of ingredients, distribution channels, or any potential risks associated with those elements.

Since there are no explicit references to supply chain issues, risks related to sourcing, logistics, or other",0.5,True,Medium,Moderate Risk - Negative Sentiment
"Prices, EUDR and Value Inequity Defined the Year in Green Coffee",Dailycoffeenews.com,Sustained relatively high prices and the looming enforcement of the European deforestation-free law known as EUDR captured headlines throughout the green coffee world this year. We say “relatively” high prices...,2024-12-30T16:05:43Z,entailment,0.568231999874115,"To assess the supply chain risks presented in the text regarding the European deforestation-free law (EUDR) and sustained high prices in the green coffee sector, we will consider several factors:

1. **Regulatory Risk**: The enforcement of the EUDR introduces a significant regulatory challenge for businesses involved in the green coffee supply chain. Companies must ensure that their sourcing practices comply with the new regulations, which can require adjustments to supply chain processes. Failure to comply could lead to fines, loss of",0.5,True,Medium,Low Risk - Neutral Sentiment
"Wrong, NBC News, Climate Change Isn’t Causing Rising Coffee Prices, Production Is Increasing",Wattsupwiththat.com,NBC’s portrayal of climate change as a primary driver of rising coffee prices reflects a bias by the media outlet toward blaming nearly every bad thing that occurs on climate change. NBC wrongly aggregates short-term weather events and long-term climate trend…,2024-12-18T02:00:00Z,neutral,0.9294667840003967,"To assess the supply chain risks associated with the information provided in the text regarding climate change and its impact on coffee prices, we can consider several factors:

1. **Climate Change Impact**: The assertion that climate change is affecting coffee production indicates a direct risk to the supply chain. Adverse weather conditions such as droughts, floods, or changing temperature patterns can lead to reduced yields and quality of coffee crops.

2. **Price Volatility**: The mention of rising coffee prices suggests that the supply",0.5,True,Medium,Moderate Risk - Negative Sentiment
Asian Development Bank and Ecom Sign $100 Million ‘Social Loan’ Deal,Dailycoffeenews.com,The Asian Development Bank (ADB) signed a US$100 million loan agreement with Swiss coffee trading giant Ecom designed to strengthen climate resilience within the conglomerate’s coffee supply chain in Asia....,2024-12-18T17:14:24Z,neutral,0.98415607213974,"To assess the supply chain risks related to the provided text, we need to consider several factors:

1. **Loan Agreement Size**: The US$100 million loan signifies a significant investment, which could imply high expectations for performance and outcomes. This could lead to pressure on the supply chain if targets are not met, creating financial risks.

2. **Stakeholder Involvement**: The involvement of the Asian Development Bank (ADB) indicates that there is a focus on sustainability and climate resilience. However",0.0,False,Low,Moderate Risk - Negative Sentiment
Bob Dylan and Joan Baez's real-life relationship was short-lived and tumultuous — but inspired some of their best music,Business Insider,"Bob Dylan and Joan Baez are portrayed by Timothée Chalamet and Monica Barbaro in ""A Complete Unknown."" The two folk singers met in the early '60s.",2024-12-26T12:04:01Z,contradiction,0.6292978525161743,"The provided text appears to be a snippet of information related to a cultural event (a civil rights rally) and references notable musicians (Joan Baez and Bob Dylan). There is no direct mention of supply chain activities, logistics, or any factors that typically contribute to supply chain risks, such as disruptions, delays, supplier issues, or external threats.

Since the text does not provide any relevant information related to supply chain risks, I would assign a risk score of **0**. This indicates that there",0.5,True,Medium,Low Risk - Neutral Sentiment
Now open: W Sao Paulo brings a new luxury Marriott hotel to Brazil,The Points Guy,It’s well known that Marriott’s W Hotels brand has been rolling out sleek new transformations worldwide and opening hotels in must-visit cities. These openings include a significant refresh of the W Union Square in New York City and the recent opening of the …,2025-01-07T16:00:42Z,neutral,0.9957308173179626,"To assess the supply chain risks related to the expansion of Marriott's W Hotels brand, we need to consider various factors outlined in the text and infer potential risks based on the information provided.

1. **Expansion and Transformation**: The rollout of new transformations and openings in key cities suggests rapid growth. While this can be positive for brand visibility and revenue, it also places pressure on the supply chain to deliver materials, services, and staffing in a timely manner.

2. **Supply Chain Dependencies**: If",0.0,False,Low,Moderate Risk - Negative Sentiment
How To Sample The World’s Most Expensive And Exotic Coffees,Forbes,Coffee beans processed by partial digestion in animals are among the world's rarest. Here’s an exclusive look at the world’s most expensive and exotic coffees.,2024-12-31T11:00:00Z,neutral,0.9846062660217285,"To assess the supply chain risks associated with ""exotic coffee,"" we need to consider several factors typically affecting such products, even though the provided text is limited and lacks specific details. Here are some potential risks associated with the supply chain for exotic coffee:

1. **Geographic Dependency**: Exotic coffee often comes from specific regions (e.g., Andes, Ethiopia). Natural disasters, political instability, or climate change in these areas can disrupt supply.

2. **Quality Variability**: The quality of",0.5,True,Medium,Moderate Risk - Negative Sentiment
Weekly Coffee News: Vietnam Report + Taco Bell’s Cafe Concept,Dailycoffeenews.com,"Roast Magazine’s Daily Coffee News is proud to maintain advertising partnerships with many of the world’s leading coffee companies, yet maintains a focus on fair and objective editorial content, with no sponsored content or native advertising.",2024-12-13T15:01:29Z,contradiction,0.7356817126274109,"To assess the provided text for supply chain risks, we need to consider the context and implications of the content presented:

1. **Market Insights**: The mention of ""USDA Releases Vietnam Coffee"" suggests that there may be important updates or changes related to coffee production in Vietnam, a key player in the global coffee supply chain. If the USDA report includes adverse information—such as crop failures, disease outbreaks, or trade restrictions—it could significantly impact supply levels and prices.

2. **Industry News**",0.5,True,Medium,Moderate Risk - Negative Sentiment
India's Tata faces pressure in Starbucks joint venture as consumers cut back,Yahoo Entertainment,"City dwellers in India are cutting spending on everything from cookies and coffee to fast food as persistently high inflation squeezes middle class budgets, ...",2024-12-16T09:55:33Z,neutral,0.9791989922523499,"To assess the supply chain risks based on the provided text regarding Tata Consumer Products and its Starbucks store plans, we can identify several factors:

1. **Market Demand**: The mention of ""fewer customers are walking into its cafes"" suggests a decline in consumer demand, which could impact sales and profitability. This is a significant risk as it directly affects revenue.

2. **Operational Adjustments**: The phrase ""will calibrate its plans"" implies that the company may need to adjust its strategy,",0.0,False,Low,Moderate Risk - Negative Sentiment
Timeless Luxury On The Mekong River With Heritage Line Cruises,Forbes,"Exploring Vietnam, Laos and Cambodia from the Mekong River allows an unhurried view of life on one of the world’s most important waterways.",2024-12-14T21:53:29Z,neutral,0.9789955019950867,"To assess the supply chain risks based on the provided text, we need to identify potential vulnerabilities or threats that could impact the supply chain of The Jahan cruise service on the Mekong River. However, the text seems to be more of a descriptive piece about the cruise experience rather than a detailed analysis of supply chain components.

Here are some potential supply chain risks that could be relevant, although they are not explicitly mentioned in the text:

1. **Operational Risks**: Disruptions in cruise operations due",0.5,True,Medium,Moderate Risk - Negative Sentiment
Ménard Dworkind combines bold yellows with muted tones in Montreal restaurant,Dezeen,Local studio Ménard Dworkind has outfitted an irregularly shaped Vietnamese restaurant interior with blue and white mosaic tile and yellow accents in Montreal. Le Red Tiger is in a slanted storefront in Montreal's Shop Angus district– the restaurant's second …,2024-12-29T18:00:57Z,neutral,0.8265945315361023,"To assess the supply chain risks associated with the information provided in the text, I will consider several factors including sourcing of materials, logistical challenges, and potential disruptions.

1. **Sourcing of Materials**: The mention of ""blue and white mosaic tile"" and ""yellow accents"" suggests that specific materials are being used for the restaurant's interior design. If these materials are sourced from overseas, particularly from regions with political instability or trade restrictions, this could pose a risk. 

2. **Logistical",0.5,True,Medium,Moderate Risk - Negative Sentiment
Classic Cocktails,A Beautiful Mess,"Classic Cocktails are defined as recipes that have withstood the test of time. Many of these are historic recipes, while some are from more recent decades. Classic cocktails are definitive recipes that you can order at pretty much any bar in the world. In sho…",2024-12-31T13:47:51Z,neutral,0.7830740809440613,"The provided text does not contain any specific information regarding supply chain risks related to classic cocktails, their ingredients, sourcing, or distribution. To accurately assess supply chain risks, I would need information on aspects such as:

1. **Sourcing of Ingredients**: Are there potential shortages or disruptions in the supply of key ingredients for these cocktails (e.g., spirits, bitters, garnishes)?
  
2. **Supplier Stability**: Are the suppliers reliable and stable? Are there risks of them going out of",0.5,True,Medium,Moderate Risk - Negative Sentiment
Why thousands of people are traveling to one country to see these birds,Vox,"This story was originally published in The Highlight, Vox’s member-exclusive magazine. To get early access to member-exclusive stories every month, join the Vox Membership program today. Haga clic aquí para leer esta historia en español. VALLE DEL CAUCA, Colo…",2025-01-03T11:42:04Z,neutral,0.7831571698188782,"The provided text does not contain any information relevant to supply chain risks. It focuses on a birdwatching destination and does not discuss supply chain elements such as suppliers, logistics, production, or any associated risks.

Risk Score: 0.0 (No relevant supply chain risks identified)",0.0,False,Low,Moderate Risk - Negative Sentiment
One restaurant had three violations: Ada County food service inspections Dec. 3-9,Idaho Statesman,See which food-service businesses had violations on their most recent inspections. Most violations have been corrected.,2024-12-24T21:33:18Z,neutral,0.7804833054542542,"The provided text does not explicitly mention supply chain risks, but we can infer some potential risks based on the context of using AI for content generation. Here are a few considerations:

1. **Data Accuracy**: The text states that the information generated by AI may not always match what's in the article. This indicates a risk of misinformation, which could lead to poor decision-making if relied upon in a supply chain context.

2. **Dependence on Technology**: Relying on AI for important information",0.0,False,Low,Moderate Risk - Negative Sentiment
"Onyx Coffee Lab Launches New Coffee Line, Bringing Artisanal Quality To Major Retailers",Sprudge.com,"This article is from the coffee website Sprudge at http://sprudge.com. This is the RSS feed version. Doyenne, honoring female coffee growers, is available online and at NWA Sam's Club stores",2024-12-19T16:00:48Z,neutral,0.9920478463172913,"To assess the supply chain risks associated with the launch of Onyx Coffee Lab's new whole-bean coffee line, ""Doyenne,"" we can consider several factors based on the information provided in the text:

1. **Market Launch**: The product is launching in select locations and online. Limited distribution can be a risk if demand exceeds supply or if there are logistical issues in fulfilling online orders.

2. **Location Specificity**: The initial launch is restricted to northwest Arkansas. This geographical limitation",0.0,False,Low,Moderate Risk - Negative Sentiment
Coffee prices are higher than ever. Here's what it means for your cup,NPR,Droughts in top coffee-growing countries have shrunk the supply of beans. Supermarket brands like Nescafé and Folgers have already raised prices — but the world keeps drinking more and more coffee.,2024-12-17T09:29:30Z,neutral,0.8844109773635864,"To assess the supply chain risks presented in the text regarding coffee farmers in Brazil, we need to consider several factors:

1. **Weather Dependency**: The texts mention rain gauges and fluctuations in rainfall, indicating a dependency on weather conditions for coffee production. Inconsistent rainfall can lead to droughts or floods, both of which can severely impact crop yields.

2. **Crop Health**: The reference to coffee trees flowering but failing to produce fruit suggests issues with crop health. This could be due to environmental",0.5,True,Medium,Moderate Risk - Negative Sentiment
Weekly Coffee News: Traders Find Alternatives + What Does ‘Forest’ Mean in EUDR,Dailycoffeenews.com,"Welcome to DCN’s Weekly Coffee News! Subscribe here for all the latest coffee industry news. Also, check out the latest career opportunities at CoffeeIndustryJobs.com. Bloomberg: Traders Explore Alternative Hedging Strategies Bloomberg this week...",2024-12-27T14:59:47Z,contradiction,0.8872313499450684,"To assess the supply chain risks based on the provided text, we need to consider a few factors:

1. **Source of Information**: The mention of ""DCNs Weekly Coffee News"" suggests a focus on the coffee industry. If this publication provides reliable and timely information, it could be beneficial for stakeholders in the supply chain.

2. **Market Dynamics**: The phrase ""Traders Explore"" indicates that there may be changes or volatility in the market. This could imply risks related to price fluctuations",0.0,False,Low,Moderate Risk - Negative Sentiment
2025 Is The Year For Biohacking Your Energy Levels With Clean Coffee,Forbes,"Many of the brews available in the market today are laced with mycotoxins, pesticides, molds, and harmful chemicals that compromise kidney, brain, immune, and digestiv...",2024-12-26T08:08:05Z,contradiction,0.7133392691612244,"To assess the supply chain risks associated with the product mentioned in the text—bulletproof coffee with grass-fed butter and MCT oil—let's break down the components and potential risks involved.

### Components:
1. **Bulletproof Coffee**: Typically made from high-quality coffee beans, grass-fed butter, and MCT oil.
2. **Grass-Fed Butter**: Sourced from cows that are fed a grass-based diet, which can be affected by agricultural factors.
3. **MCT",0.0,False,Low,Moderate Risk - Negative Sentiment
Vietnam Lifestyle,Erickimphotography.com,"Everyday, insanely phenomenal coffee at coffee shop, insanely fast WiFi, get a massage and think ,,, do creative work, walk and get dinner, back to hotel and sleep? Sublime simplicity?",2024-12-28T21:46:04Z,neutral,0.45980554819107056,"The provided text appears to describe a personal experience or a lifestyle rather than a specific supply chain context. However, we can infer potential risks related to supply chains based on the elements mentioned:

1. **Coffee Supply Chain**: The mention of ""insanely phenomenal coffee"" implies a reliance on coffee suppliers. Risks could include:
   - Fluctuations in coffee bean prices due to climate change, political instability in coffee-producing regions, or supply chain disruptions.
   - Quality control issues if sourcing",0.5,True,Medium,Low Risk - Neutral Sentiment
"NYT Crossword: answers for Sunday, December 29",Digital Trends,"The New York Times crossword puzzle can be tough! If you're stuck, we're here to help with a list of today's clues and answers.",2024-12-29T13:30:13Z,neutral,0.6282410025596619,"The provided text primarily discusses word games offered by The New York Times, with no explicit reference to supply chain operations, challenges, or risks. As such, it does not provide relevant information to assess supply chain risks.

Based on this lack of relevant content, I would assign a risk score of **0.0**.",0.0,False,Low,Low Risk - Neutral Sentiment
"Josmo opens Mumbai store with ""just the right amount of drama""",Dezeen,"Goan furniture brand Josmo has opened a flagship store in Mumbai, designed by founder Anjali Mody to reflect a contemporary approach to Indian design craft. With India's interior design market growing fast, Josmo is one of several homegrown brands on the rise…",2025-01-09T09:00:12Z,neutral,0.987025797367096,"To assess the supply chain risks associated with the text provided, we need to consider several factors:

1. **Market Growth**: The text mentions that India's interior design market is growing. While this is generally positive, rapid growth can strain supply chains, leading to shortages or increased lead times as demand outpaces supply capabilities.

2. **New Store Opening**: The establishment of a flagship store indicates an expansion of operations. New locations can introduce complexities in logistics, inventory management, and supplier relationships, which",0.0,False,Low,Moderate Risk - Negative Sentiment
Coffee prices hover near record highs on futures market,NPR,Droughts in top-producing Brazil and Vietnam caused the price hikes. Supermarket brands like Nescafé and Folgers have already been raising prices -- but the world can't seem to get enough caffeine.,2024-12-17T09:29:30Z,neutral,0.8940355777740479,"The text highlights specific supply chain risks stemming from droughts in key coffee-producing countries (Brazil and Vietnam), which have led to price increases for major brands like Nescafé and Folgers. Here are the key risks identified:

1. **Weather-Related Risks**: Droughts can severely impact the yield of coffee crops, leading to reduced supply and increased prices. This is a significant risk, especially since Brazil and Vietnam are among the top producers.

2. **Price Volatility**: The",0.5,True,Medium,Moderate Risk - Negative Sentiment
How Kenyan workers who earn $2 a day to grow coffee are being hit by climate change,BBC News,Growers find that the changing climate is having a big impact on the size of their harvests.,2024-12-30T00:51:09Z,neutral,0.5490584969520569,"To provide an accurate assessment of supply chain risks based on the provided text, I would need to analyze specific details such as the types of risks present (e.g., environmental, economic, political, social), the geographical context, and any mention of supply chain vulnerabilities or disruptions. 

However, since the text is incomplete and does not provide enough information, I will outline potential risks based on a typical scenario involving smallholder coffee farmers in a region like Komothai, Kenya:

1. **Environmental Risks",0.5,True,Medium,Low Risk - Neutral Sentiment
Why Culture Enthusiasts Flock To Brazil For New Year’s Celebrations,Forbes,"Each year, more culture enthusiasts are discovering the magic of Brazil's, Reveillon Carneiros an elevated festival redefining how to celebrate the New Year.",2024-12-20T20:05:28Z,neutral,0.9717902541160583,"To assess the text for supply chain risks, we need to identify potential vulnerabilities that could affect the supply chain related to the Réveillon Carneiros festival. However, the text provided does not contain specific information regarding logistical elements, suppliers, or any operational details that would directly indicate supply chain risks. 

Key areas typically analyzed for supply chain risks include:

1. **Supplier Dependence**: Reliance on specific suppliers or vendors for materials and services can create risks if they face disruptions.
2. **",0.5,True,Medium,Moderate Risk - Negative Sentiment
The Sprudge Guide To Holiday Coffee Blends For 2024,Sprudge.com,This article is from the coffee website Sprudge at http://sprudge.com. This is the RSS feed version. A 2024 holiday blend'em compendium.,2024-12-12T15:00:23Z,neutral,0.969292938709259,"The provided text does not contain specific information regarding supply chain operations, challenges, or risks. It appears to be a festive message from Sprudge Media without any relevant details about their supply chain processes, inventory management, supplier relationships, or external factors that could influence supply chain stability.

Given the lack of information to assess for supply chain risks, I would assign a risk score of **0.0**. This score reflects the absence of identifiable risks in the text, as it does not discuss supply chain dynamics",0.0,False,Low,Moderate Risk - Negative Sentiment
Why the price of coffee has spiked,NPR,The cost of coffee has hovered near record highs on the futures market after droughts in top-producing Brazil and Vietnam. Supermarket brands like Nescafé and Folgers have raised their prices.,2024-12-18T22:25:37Z,neutral,0.9822407364845276,"The text highlights several supply chain risks associated with the coffee market. Here are the key points to consider:

1. **Drought in Major Producing Countries**: The droughts in Brazil and Vietnam, which are top coffee producers, pose a significant risk to supply. Drought can lead to reduced coffee yields, impacting the availability of coffee beans.

2. **Price Increases**: The mention of supermarket brands like Nescafé and Folgers raising their prices indicates a direct response to increased costs",0.5,True,Medium,Moderate Risk - Negative Sentiment
"Coffee Research in 2024 Focused on Climate Change, Quality and Human Health",Dailycoffeenews.com,"The vast multidisciplinary world of coffee-related research expanded on all fronts in 2024, yet much of it can be reasonably assigned to one of three categories: green coffee sustainability in...",2024-12-31T17:48:26Z,neutral,0.9837565422058105,"To assess the supply chain risks presented in the provided text, I will analyze key factors such as sustainability, market trends, and potential disruptions.

1. **Sustainability Focus**: The emphasis on green coffee sustainability indicates a shift in consumer preference towards ethically sourced and environmentally friendly products. While this can drive demand for sustainable practices, it also poses risks if suppliers cannot meet these standards, leading to potential shortages or price increases.

2. **Market Expansion**: The mention of an expanding research landscape suggests",0.5,True,Medium,Moderate Risk - Negative Sentiment
"Beyond Rooms: How Riads, Gers, and Local Spaces Redefine Global Travel",Skift,"Even though these hospitality concepts are age-old, they are bang in the middle of all the major deeper travel trends and fulfill all the modern traveler’s expectations. -Rafat Ali",2024-12-13T13:24:12Z,neutral,0.9951252341270447,"To assess the supply chain risks based on the provided text, we need to analyze any potential indicators of risks that might affect the supply chain. However, the text you provided appears to be more focused on personal travel experiences rather than any specific supply chain context or elements.

Since the text does not contain information about supply chain operations, logistics, suppliers, disruptions, or other relevant factors that typically contribute to supply chain risks, it is challenging to assign a risk score based on the content provided.

**Risk Score",0.5,True,Medium,Moderate Risk - Negative Sentiment
Motorola and OnePlus could learn from each other in 2025,Android Central,"Motorola and OnePlus launched some compelling phones in 2024, but they should look to each other if they want to succeed in 2025.",2024-12-23T14:00:00Z,neutral,0.9928168058395386,"To assess the supply chain risks based on the provided text, I would need more context regarding specific factors such as supplier stability, geopolitical influences, technological dependencies, market dynamics, and other relevant details. However, based on the brief excerpt mentioning Samsung, Google, Motorola, and OnePlus in the high-end smartphone market, I can infer a few potential risks:

1. **Market Competition**: The presence of multiple players like Samsung, Google, Motorola, and OnePlus indicates a competitive market environment. This",0.5,True,Medium,Moderate Risk - Negative Sentiment
Eight Day Road Trip of Western Ghats in Karnataka from Bangalore,Substack.com,"Predominantly this article covers - Sakleshpur, Udupi, Nittur/Kollur, Jog Falls, Sringeri, Chikkamanagaluru and Hassan Region",2024-12-17T15:11:31Z,neutral,0.8117643594741821,"The text provided is primarily focused on a personal road trip itinerary and does not contain any specific information related to supply chain operations, logistics, or risks. Therefore, a supply chain risk assessment cannot be accurately performed based on the given content.

Risk Score: **0.0** (No relevant supply chain risks identified)",0.0,False,Low,Moderate Risk - Negative Sentiment
【ロフト】お正月限定ブレンド珈琲も登場！「TENJIN COFFEE MARKET」天神ロフトで初開催,Prtimes.jp,"[株式会社ロフト]
[画像1: https://prcdn.freetls.fastly.net/release_image/18324/1522/18324-1522-08f92624ee8acfbd38c58405f55882e5-378x378.jpg?width=536&quality=85%2C75&format=jpeg&auto=webp&fit=bounds&...",2024-12-23T03:00:00Z,neutral,0.34583908319473267,"The text provided appears to be a fragmented data entry related to a coffee market or supply chain context. Without full context, specific details, and clarity on some elements, I will assess the potential supply chain risks based on the information available:

1. **Data Fragmentation**: The text is incomplete and lacks clear context, which complicates risk assessment. Fragmented information can lead to misinterpretation and poor decision-making.

2. **Date Sensitivity**: The dates mentioned (2024 and",0.0,False,Low,Low Risk - Neutral Sentiment
The Man Who Unraveled Ethiopia,The American Conservative,"How an international darling became a destructive despot.
The post The Man Who Unraveled Ethiopia appeared first on The American Conservative.",2025-01-05T05:00:00Z,neutral,0.9585136771202087,"To assess the supply chain risks based on the provided text about ""The Abiy Project,"" I need to extract relevant information concerning potential risks related to supply chains. However, the text seems to be a book title and description about political dynamics in Ethiopia rather than a direct reference to a supply chain scenario.

Given that it refers to a political figure and the context of governance, the potential supply chain risks may include:

1. **Political Instability**: Changes in leadership or political unrest can disrupt supply chains",0.5,True,Medium,Moderate Risk - Negative Sentiment
A US ally wants to join BRICS. Why?,RT,Kenyan experts have shared their views on the country’s desire to join the group Read Full Article at RT.com,2025-01-09T12:15:58Z,neutral,0.9617065787315369,"To assess supply chain risks based on the provided text, we need to consider factors such as the geopolitical context, economic stability, logistical challenges, and any potential disruptions that could arise from the situation described. However, the text is about a journalist's work and does not provide specific details about a supply chain or related factors.

Since there are no identifiable risks or relevant supply chain information in the text, I would assign a risk score of **0** (indicating no supply chain risk).",0.5,True,Medium,Moderate Risk - Negative Sentiment
The Climate Crisis Is Also an Inflation Crisis,Project Syndicate,"Discussions about global warming often overlook its economic toll on vulnerable populations and how it deepens inequality, focusing instead on green growth and emissions reductions. But rising costs and climate change are inextricably linked, and this should …",2024-12-30T11:26:52Z,neutral,0.9407529234886169,"The provided text appears to focus primarily on the socio-economic aspects of global warming, particularly its impact on vulnerable populations and inequality, rather than directly addressing supply chain risks. However, we can infer potential risks related to supply chains from the context of climate change and its economic toll. 

### Risk Assessment:

1. **Economic Impact on Vulnerable Populations**: The mention of global warming's economic toll on vulnerable populations suggests potential disruptions in supply chains that serve these communities. If these populations face rising costs",0.5,True,Medium,Moderate Risk - Negative Sentiment
Coffee prices hover near record highs on futures market,Biztoc.com,"Coffee prices hover near record highs on futures market
Droughts in top-producing Brazil and Vietnam caused the price hikes. Supermarket brands like Nescafé and Folgers have already been raising prices — but the world can't seem to get enough caffeine.",2024-12-17T09:40:16Z,neutral,0.9939970970153809,"The text indicates several supply chain risks related to coffee production and pricing:

1. **Droughts in Major Producing Countries**: The mention of droughts in Brazil and Vietnam, which are two of the largest coffee producers, presents a significant risk. Drought conditions can severely impact coffee yields, resulting in lower supply and subsequently higher prices.

2. **Rising Prices**: The fact that coffee prices are near record highs suggests volatility in the market. This can affect not only consumers but also",0.5,True,Medium,Moderate Risk - Negative Sentiment
Kopiko Cappuccino Candy 120g $2.29 + Delivery ($0 with Prime/ $59 Spend) @ Amazon AU,Ozbargain.com.au,"A deliciously addictive treat to enjoy your day
Made of coffee bean extract and creamy milk
Convenient candy squares for anytime enjoyment
Country of Origin: Indonesia",2025-01-06T11:33:21Z,contradiction,0.5311795473098755,"The provided text primarily discusses trademarks and copyright information related to OzBargain, an independent community website. It does not contain specific information regarding supply chain operations, processes, or risks such as supplier reliability, transportation issues, regulatory challenges, or market fluctuations.

Based on this analysis, the text does not present any identifiable supply chain risks. Therefore, I would assign a risk score of **0.0** to the text.",0.5,True,Medium,Low Risk - Neutral Sentiment
"The best coffee concentrates, tested and reviewed",NBC News,"Our coffee experts tested and reviewed more than a dozen coffee and cold brew concentrates. Browse the best options based on preparation, strength, flavor and packaging.",2024-12-19T17:53:19Z,neutral,0.993126630783081,"To assess the supply chain risks associated with coffee concentrates, we can consider several factors:

1. **Source of Raw Materials**: Coffee concentrates are derived from coffee beans, which are often sourced from regions that may be affected by climate change, political instability, or natural disasters. If the supply of coffee beans is disrupted, it could impact the availability of coffee concentrates.

2. **Manufacturing and Processing**: The production of coffee concentrates involves specific processing facilities. Any disruption in these facilities due to labor",0.5,True,Medium,Moderate Risk - Negative Sentiment
The Invisible Tsunami Kids,Substack.com,And how you can help,2024-12-29T08:24:27Z,neutral,0.6926689743995667,"The text provided appears to be a fragment or reference to a historical event (the 2004 Indian Ocean tsunami), and does not contain explicit information about current supply chain risks. However, I can assess potential risks related to natural disasters in general, especially in coastal areas like Sumatra.

**Risk Assessment:**

1. **Natural Disasters**: The coastal region of Sumatra is prone to earthquakes, tsunamis, and other natural disasters. Such events can disrupt supply chains, damage infrastructure,",0.5,True,Medium,Low Risk - Neutral Sentiment
Caffeinated Gifts for the Java Lover on Your List,Theinventory.com,"Commerce Content is independent of Editorial and Advertising, and if you buy something through our posts, we may get a small share of the sale. Click here for more.For coffee enthusiasts and connoisseurs alike, discovering unique and flavorful brews can be an…",2024-12-16T20:20:00Z,neutral,0.9668501019477844,"To assess supply chain risks based on the provided text, we need to consider various factors that could affect the supply chain of premium coffee products. Although the text primarily focuses on the enjoyment of coffee and does not provide specific details about supply chain operations, we can infer some potential risks associated with the coffee supply chain in general.

1. **Supply Source Vulnerability**: Coffee is typically sourced from specific regions (e.g., Latin America, Africa). Any political instability, climate change, or natural disasters in",0.5,True,Medium,Moderate Risk - Negative Sentiment
Weekly Coffee News: Comment on Prices + Sustainability Award Nominations,Dailycoffeenews.com,"Roast Magazine’s Daily Coffee News is proud to maintain advertising partnerships with many of the world’s leading coffee companies, yet maintains a focus on fair and objective editorial content, with no sponsored content or native advertising.",2024-12-20T15:52:56Z,contradiction,0.6128731966018677,"To assess the supply chain risks based on the provided text, we need to analyze the content for potential indicators of risk. However, the text appears to be a promotional or informational snippet related to coffee industry news and career opportunities, without specific details about supply chain factors.

Here are some points to consider for risk assessment:

1. **Industry Mention**: The mention of the coffee industry indicates that any risks could be related to agricultural supply chains, which are often vulnerable to climate change, labor issues, and",0.5,True,Medium,Low Risk - Neutral Sentiment
Rain in Brazil Pressures Coffee Prices,Biztoc.com,"UNLIMITED Watchlists, Portfolios, Screeners, and other Barchart tools with Barchart Premier.
FREE 30 Day Trial
- Market Pulse
-
- Options Market Overview
- Unusual Options Activity
- IV Rank and IV Percentile
- Implied vs Realized Vol
- Most Active Options
- …",2024-12-31T19:30:09Z,neutral,0.7720006108283997,"The provided text appears to be promotional content related to financial tools and services offered by Barchart, rather than a description of a supply chain scenario or context. As such, it does not contain any specific information about supply chain operations, logistics, suppliers, or potential risks associated with them.

Given the lack of relevant context to evaluate, I would assign a risk score of **0.0**. This score indicates that there are no identifiable supply chain risks present in the text.",0.0,False,Low,Moderate Risk - Negative Sentiment
Husband and wife open dream South Indian cafe in Toronto,blogTO,"In a city like Toronto where chai latte reigns and double-doubles dominate the caffeinated scene, a new South Indian cafe is brewing more than just coffee, it's sharing a story steeped in history.
That tale begins in the 16th century, when Baba Budan, an Ind…",2024-12-29T05:00:52Z,neutral,0.5758440494537354,"To assess the supply chain risks based on the provided text, I will look for potential vulnerabilities related to sourcing, distribution, market competition, and external factors that could impact the cafe's operations.

1. **Sourcing Risks**: The text does not provide specific information about where the cafe sources its ingredients (e.g., coffee beans, spices, milk). If the cafe relies on single-source suppliers or imports specific items from regions prone to geopolitical instability or climate change, this could pose a risk.

2",0.5,True,Medium,Low Risk - Neutral Sentiment
"Volunteers clean up Bali's beach from ""worst"" monsoon-driven trash",Yahoo Entertainment,"Hundreds of volunteers joined a cleanup in Bali, Indonesia, Saturday as monsoon rains brought what an activist described as ""the worst"" waves of plastic...",2025-01-04T08:14:20Z,neutral,0.4495832324028015,"The text describes a situation where monsoon rains have led to an increase in plastic waste on Bali's beaches, prompting a significant volunteer cleanup effort. Here’s an assessment of the potential supply chain risks based on this situation:

1. **Environmental Impact**: The influx of plastic waste can affect local ecosystems, potentially harming marine life and the tourism industry, which is critical to Bali's economy. This could lead to longer-term sustainability issues for local suppliers reliant on tourism.

2. **Tourism Disruption",0.5,True,Medium,Low Risk - Neutral Sentiment
USDA sees world coffee output rise a tad at 174.9 million bags of 60 kg each,BusinessLine,"In India, the seventh largest producer, 2024-25 coffee output is seen slightly higher at 6.2 million bags over previous years 6.06 million bags",2024-12-20T04:21:00Z,neutral,0.9926010966300964,"To assess the supply chain risks based on the provided text, we can identify several key factors that may impact the coffee supply chain:

1. **Rebound in Production**: The rebound in production in Vietnam and Indonesia suggests a positive trend for coffee output, which typically indicates a lower risk for supply disruptions. However, fluctuations in production due to weather, pests, or other agricultural issues could still pose risks.

2. **Rising Consumption**: The mention of rising consumption indicates a growing demand for coffee",0.5,True,Medium,Moderate Risk - Negative Sentiment
20 Places That Changed Us: The Most Transformative Trips the Matador Team Has Taken,Matadornetwork.com,The Matador team has traveled to every continent. These are 20 of the places that we've gone that have changed us for the better.,2025-01-01T22:42:52Z,neutral,0.9471933841705322,"The provided text does not contain specific information related to supply chain risks. It mainly describes Hanoi’s historical significance and its current impression, which does not pertain to supply chain dynamics, logistics, supplier reliability, geopolitical issues, or other factors typically assessed for supply chain risk.

Given the lack of relevant information, I would assign a risk score of **0.0**. This score reflects that there are no identifiable supply chain risks based on the content of the text.",0.0,False,Low,Moderate Risk - Negative Sentiment
Starbucks Just Introduced An 8-Ounce Cortado,Sprudge.com,This article is from the coffee website Sprudge at http://sprudge.com. This is the RSS feed version. Ceci n'est pas un cortado.,2025-01-07T13:00:22Z,neutral,0.9095591902732849,"The provided text seems to focus on themes of renewal and personal growth, rather than specific supply chain risks. To effectively assess supply chain risks, the text would need to contain information regarding factors such as supplier reliability, geopolitical issues, natural disasters, market demand fluctuations, regulatory changes, or other operational challenges.

Since the text does not provide any relevant context or details related to supply chain operations, I would assign a risk score of **0.0**. This score indicates no identifiable supply chain risks present in",0.0,False,Low,Moderate Risk - Negative Sentiment
Below-Average Rainfall in Brazil Supports Coffee Prices,Biztoc.com,"Barchart Premier: The most comprehensive method for keeping track of all your investments.
FREE 30 Day Trial
- Market Pulse
-
- Options Market Overview
- Unusual Options Activity
- IV Rank and IV Percentile
- Implied vs Realized Vol
- Most Active Options
- Hi…",2024-12-16T17:09:28Z,neutral,0.7921112179756165,"The provided text does not contain any specific information about supply chain risks. It appears to be promotional content related to investment tracking and options market overview, with no references to supply chain dynamics, disruptions, vulnerabilities, or risks associated with logistics, sourcing, demand, or other relevant factors.

Given the lack of pertinent information regarding supply chain risks in the text, the risk score would be:

**Risk Score: 0**",0.5,True,Medium,Moderate Risk - Negative Sentiment
Coffee Prices Close Higher on Dry Conditions in Brazil,Biztoc.com,"Barchart Premier: The most comprehensive method for keeping track of all your investments.
FREE 30 Day Trial
- Market Pulse
-
- Options Market Overview
- Unusual Options Activity
- IV Rank and IV Percentile
- Implied vs Realized Vol
- Most Active Options
- Hi…",2024-12-16T19:32:49Z,neutral,0.7921112179756165,"The text provided does not contain any specific information related to supply chain risks. It appears to be promotional content for a financial service or investment platform rather than details about a supply chain situation, product, or business operations. 

Due to the lack of relevant content to assess for supply chain risks, I would assign a risk score of **0**, indicating no identifiable supply chain risks present in the text.",0.0,False,Low,Moderate Risk - Negative Sentiment
Coffee Prices Slip as Rain in Brazil Eases Drought Concerns,Biztoc.com,"Investment Tools And Research To Help Make You A More Confident And Profitable Trader.
FREE 30 Day Trial
- Market Pulse
-
- Options Market Overview
- Unusual Options Activity
- IV Rank and IV Percentile
- Implied vs Realized Vol
- Most Active Options
- Highes…",2024-12-30T19:28:53Z,neutral,0.984728217124939,"The provided text does not contain sufficient information to assess supply chain risks effectively. It appears to focus on investment tools and trading resources rather than specific supply chain activities, processes, or vulnerabilities. 

Key factors typically considered in supply chain risk assessments include supplier reliability, geopolitical factors, logistics and transportation issues, market demand fluctuations, and resource availability. Since the text lacks any references to these elements or any identifiable risks related to supply chain management, it would receive a low risk score.

**Risk Score: 0",0.5,True,Medium,Moderate Risk - Negative Sentiment
Coffee Prices Fall as Brazil Drought Concerns Ease,Biztoc.com,"Jump-Start Your Search For Promising Trade Ideas With Barchart Premier’s ""Top Stock Pick"".
FREE 30 Day Trial
- Market Pulse
-
- Options Market Overview
- Unusual Options Activity
- IV Rank and IV Percentile
- Implied vs Realized Vol
- Most Active Options
- Hi…",2024-12-31T17:06:32Z,neutral,0.6200130581855774,"The provided text does not contain sufficient information related to supply chain risks. It appears to be promotional content focused on stock trading and options activity rather than discussing any specific supply chain elements, challenges, or vulnerabilities. 

Given the lack of relevant context to assess supply chain risks, I would assign a risk score of **0.0**. This indicates that there are no identifiable supply chain risks present in the text.",0.0,False,Low,Low Risk - Neutral Sentiment
Global food prices are entering very dangerous territory,Naturalnews.com,"What in the world is going to happen if global food supplies continue to get even tighter?  During the second half of this year global food prices have been surging.  A “perfect storm” of factors is suppressing production all over the planet, and meanwhile wo…",2024-12-13T06:00:00Z,neutral,0.992486834526062,"To assess the supply chain risks based on the provided text, we can identify several key factors that would contribute to the overall risk score. Here are the main considerations:

1. **Global Supply Constraints**: The mention of ""global food supplies getting even tighter"" indicates a potential shortage in supply, which can lead to increased competition for resources and higher prices.

2. **Rising Prices**: The statement about food prices surging suggests inflationary pressures that could affect purchasing power and profitability across the supply",0.5,True,Medium,Moderate Risk - Negative Sentiment
"3 Ways To Explore Cartagena, Colombia’s Hub For Caribbean Culture",Forbes,"From world-class hotels to refined restaurants to fascinating museums, the Colombian city of Cartagena truly has it all.",2024-12-15T18:39:27Z,neutral,0.721049427986145,"The provided text primarily discusses Cartagena, Colombia, and does not contain any specific details regarding supply chain operations, logistics issues, or risks associated with the supply chain. Without context related to supply chain disruptions, such as political instability, economic conditions, natural disasters, or logistical challenges specific to Cartagena or Colombia, it is impossible to assess any supply chain risks.

Given the lack of relevant information, I would assign a risk score of 0, indicating no identifiable supply chain risks based on the text provided.",0.5,True,Medium,Moderate Risk - Negative Sentiment
Quit Your Job And Live Abroad: 11 Places So Affordable You Might Not Need To Work,Forbes,Looking for the most affordable places to live in 2025? Two new reports showcase 11 destinations that offer low living costs and a high quality of life.,2025-01-01T16:16:03Z,neutral,0.9681953191757202,"The provided text does not contain information directly related to supply chain risks. It mentions the Peloponnese region of Greece as an affordable place to live but lacks details about specific supply chain elements such as suppliers, logistics, production processes, or external factors that could impact supply chains. 

Given the absence of relevant content to assess for supply chain risks, I would assign a risk score of **0.0**. There are no identifiable risks to evaluate based on the provided text.",0.0,False,Low,Moderate Risk - Negative Sentiment
10 Winter Solstice Celebrations From Around the World,Mental Floss,"Cultures around the world performed rituals on the winter solstice for the return of the sun. While some of these celebrations have been left in the past or absorbed into other winter festivities, others are still celebrated to this day.",2024-12-18T17:02:00Z,neutral,0.9843740463256836,"The provided text does not contain relevant information about supply chain risks. It appears to focus on a topic related to the winter solstice and its historical implications rather than any specific supply chain context, such as logistics, suppliers, demand fluctuations, geopolitical issues, or other factors that could affect supply chain stability.

Given this assessment, the risk score for the text would be 0, indicating no supply chain risks present.",0.0,False,Low,Moderate Risk - Negative Sentiment
Midwest Brewery Helps Launch 20 Beverage Brands,Forbes,A Chicago and Milwaukee brewing company brews its own beers and helped launch 20 other beverage brands.,2024-12-22T13:00:00Z,neutral,0.8453646302223206,"To assess the supply chain risks associated with Pilot Project Brewing based on the provided text, we need to consider various factors that could impact their operations. However, the text does not provide specific details regarding their supply chain, raw materials, distribution channels, or any external threats.

Given the general context of a craft brewery, some potential supply chain risks to consider could include:

1. **Supplier Reliability**: Craft breweries often rely on specific suppliers for unique ingredients (like hops and malt). If suppliers face disruptions",0.5,True,Medium,Moderate Risk - Negative Sentiment
Are Ultra-Processed Foods Killing Us?,The New Yorker,"Studies have linked them to obesity, diabetes, depression, and even dementia. Dhruv Khullar reports on a revolution in nutrition science that aims to fix America’s deadly diet.",2025-01-06T11:00:00Z,neutral,0.9837625026702881,"To assess the supply chain risks based on the provided text, we would need relevant information about the supply chain context, such as specific disruptions, dependencies, or vulnerabilities related to the individual mentioned or the location. Unfortunately, the excerpt provided does not contain any specific details regarding supply chain operations, risks, or challenges.

Given the lack of context to effectively analyze and derive a risk score, the risk score would be:

**Risk Score: 0.0**

This score reflects the absence of identifiable supply chain",0.5,True,Medium,Moderate Risk - Negative Sentiment
Coffee Prices Jump as Heavy Rain in Vietnam Delays the Robusta Coffee Harvest,Biztoc.com,"UNLIMITED Watchlists, Portfolios, Screeners, and other Barchart tools with Barchart Premier.
FREE 30 Day Trial
- Market Pulse
-
- Options Market Overview
- Unusual Options Activity
- IV Rank and IV Percentile
- Implied vs Realized Vol
- Most Active Options
- …",2025-01-02T17:08:39Z,neutral,0.7720006108283997,"The provided text appears to be a promotional message for financial tools and services related to market analysis, specifically options trading and investment portfolios. It does not contain any explicit references to supply chain processes, logistics, or risk factors that are typically assessed in supply chain risk analysis. 

Therefore, based on the absence of relevant content regarding supply chain risks, I would assign a risk score of **0**. This indicates that there are no identified risks associated with supply chains in the context of the given text.",0.0,False,Low,Moderate Risk - Negative Sentiment
9 Space Images from NASA and Beyond That Stunned in 2024,Scientific American,"See the year’s most striking images from the Hubble and James Webb space telescopes, NASA’s Mars rover and the best sky watching on offer",2024-12-19T11:30:00Z,neutral,0.902088463306427,"The provided text does not contain any relevant information regarding supply chain risks. It appears to focus on a celebration of space-related images rather than discussing factors that could impact supply chains. Therefore, the risk assessment based on this text would yield a score of **0**. 

If you have additional information or another text specifically related to supply chain dynamics, please provide it for a more accurate risk assessment.",0.0,False,Low,Moderate Risk - Negative Sentiment
The Waves That Changed Us: 20 years since the Asian tsunami,CNA,"CNA returns to ground zero of countries devastated by the 2004 Indian Ocean tsunami that killed more than 230,000 people. Visiting Indonesia, Malaysia, Thailand, India and Sri Lanka, we find out what's changed two decades on.",2024-12-26T01:01:41Z,neutral,0.9851096868515015,"The text you provided discusses a historical seismic event, specifically the 2004 Indian Ocean earthquake and tsunami, which had catastrophic consequences and significantly impacted supply chains in various sectors. 

To assess the supply chain risks associated with such an event, we can consider the following factors:

1. **Geographic Impact**: The earthquake and subsequent tsunami affected several countries, particularly Indonesia, Sri Lanka, India, and Thailand. Areas with significant supply chain activities (ports, manufacturing, agriculture) were severely impacted.

2",0.0,False,Low,Moderate Risk - Negative Sentiment
Weathering the Market: Why Climate Data Is the Future of Commodity Trading,Observer,"The global commodity market is more volatile than ever, with weather-driven price swings rivaling those of cryptocurrencies.",2024-12-26T13:00:39Z,neutral,0.9834955334663391,"To assess the supply chain risks presented in the provided text, we need to identify potential risks and factors that could impact supply chain operations:

1. **Climate-Driven Reality**: The mention of adapting to a climate-driven reality indicates that businesses may face risks related to climate change, such as extreme weather events disrupting transportation and production.

2. **Need for Meteorological Thinking**: Suggesting that companies need to ""think like a meteorologist"" implies a need for advanced forecasting techniques. This could indicate",0.5,True,Medium,Moderate Risk - Negative Sentiment
"City Guide: Bologna, Italy According To The Best Tour Guides",Forbes,"From tortellini to the best gelato in town, find out were to eat and drink in Bologna, Italy, according to the the best tour guides.",2024-12-20T20:16:48Z,neutral,0.9991656541824341,"To assess the text for supply chain risks, it's important to consider several factors, including the sourcing of raw materials, production processes, transportation, and potential disruptions.

1. **Ingredient Sourcing**: Tortellini in brodo is a traditional dish that relies on specific ingredients such as pasta, broth, and various fillings. If these ingredients are sourced locally within the Emilia-Romagna region, the risk is lower. However, if any ingredients are sourced from regions prone to agricultural disruptions (like floods",0.5,True,Medium,Moderate Risk - Negative Sentiment
Christ the Redeemer caught in battle between church and state...,CNN,"Perched high atop Corcovado Mountain, the Cristo Redentor, as Brazilians call it, is a postcard not only for the city of Rio de Janeiro but for the entire country. But now, its management and future are at the center of a growing debate over religion, conserv…",2024-12-25T20:04:37Z,neutral,0.9515561461448669,"The provided text does not contain relevant information about supply chain risks. It seems to focus on a cultural and historical description of Christ the Redeemer rather than any supply chain-related content. Therefore, I cannot assess supply chain risks based on this text.

**Risk Score: 0.0** (no supply chain risks identified)",0.0,False,Low,Moderate Risk - Negative Sentiment
Em Coffee House Brings Modern Vietnam to San Diego,Dailycoffeenews.com,"The owners of the San Diego-based Ding Tea bubble tea chain expanded earlier this fall with a cafe concept that celebrates Vietnamese coffee called Em Coffee House. Opened Nov. 18,...",2024-12-18T14:25:47Z,contradiction,0.9491267204284668,"To assess supply chain risks based on the provided text, we need to consider various factors that could impact the supply chain of Em Coffee House and the Ding Tea bubble tea chain. Here are some potential risks:

1. **Expansion Risks**: The owners expanding their operations may lead to supply chain challenges, such as sourcing ingredients, equipment, and staffing for the new locations. Rapid expansion can strain existing suppliers and logistics.

2. **Supplier Reliability**: If the text implies reliance on specific suppliers for coffee",0.0,False,Low,Moderate Risk - Negative Sentiment
Global Food Prices Are Entering Very Dangerous Territory,Shtfplan.com,"What in the world is going to happen if global food supplies continue to get even tighter?  During the second half of this year, global food prices have been surging.  A “perfect storm” of factors is suppressing production all over the planet, and meanwhile, …",2024-12-13T13:30:36Z,neutral,0.9720265865325928,"To assess supply chain risks based on the provided text, I will focus on the implications of tightening global food supplies. While the full content of the article isn't available, I can make a general assessment based on the themes it likely addresses:

1. **Global Food Supply Tightening**: This indicates a risk of shortages in essential commodities, which can lead to increased prices, scarcity, and potential civil unrest. Such supply disruptions can affect various sectors, from agriculture to retail.

2. **Dependency on Global",0.5,True,Medium,Moderate Risk - Negative Sentiment
"Bolivia, Peru Single Origins, 1kg from $27.90 + Delivery ($0 with $69 Order, $0 C&C, Delayed Disp Avail) @ Lime Blue Coffee",Ozbargain.com.au,"Hey Oz Bargain Community,

Happy New Year!

Keeping this one short and sweet for you to kick off our first Oz Bargain deal post in 2025:)

We're offering you a 40% discount off our deliciously sweet Peru Chanchamayo Grade 1 Organic Single Origin and our super…",2025-01-08T20:08:33Z,neutral,0.9788508415222168,"Based on the provided text, there are insufficient details to accurately assess specific supply chain risks. The text primarily focuses on a promotional deal, which does not provide context regarding production, sourcing, logistics, or potential disruptions. 

However, I can identify some general considerations that could contribute to supply chain risk in a promotional context:

1. **Demand Surge**: A 40% discount may lead to a sudden increase in demand, which could strain supply if inventory levels are not adequate.
2. **Supplier",0.5,True,Medium,Moderate Risk - Negative Sentiment
"Torpedo juice: Legendary, illegal WWII liquor drunk in Alaska and the world",Anchorage Daily News,"Named for the 180-proof ethyl alcohol that powered American torpedoes, the concoction was consumed throughout the Navy and beyond.",2024-12-17T03:28:18Z,neutral,0.8461053967475891,"The text provided does not contain any relevant information regarding supply chain risks. It primarily discusses a historical event involving fighter pilots in Alaska during 1943 and mentions a local historian's work. 

As there are no details related to supply chain operations, vulnerabilities, disruptions, or any potential risks associated with supply chains, I would assign a risk score of 0. 

**Risk Score: 0**",0.5,True,Medium,Moderate Risk - Negative Sentiment
[Removed],[Removed],[Removed],2025-01-08T06:00:00Z,entailment,0.6064541935920715,"I'm unable to assess or analyze text that has been removed or is not provided. If you could share the text or describe the relevant details regarding the supply chain concerns, I'd be happy to help assess the risks and provide a risk score.",0.0,False,Low,Low Risk - Neutral Sentiment
Coffee Prices Settle Mixed as Arabica Supported by Dryness in Brazil,Biztoc.com,"UNLIMITED Watchlists, Portfolios, Screeners, and other Barchart tools with Barchart Premier.
FREE 30 Day Trial
- Market Pulse
-
- Options Market Overview
- Unusual Options Activity
- IV Rank and IV Percentile
- Implied vs Realized Vol
- Most Active Options
- …",2024-12-18T19:50:23Z,neutral,0.7720006108283997,"The provided text appears to be a promotional or marketing message regarding financial tools and services related to market analysis, particularly in options trading. It does not contain specific information regarding a supply chain or any identifiable risks associated with it.

Given the lack of relevant content related to supply chain risks, the risk score would be:

**Risk Score: 0.0**

This score indicates that there are no identifiable supply chain risks present in the text.",0.0,False,Low,Moderate Risk - Negative Sentiment
"Vietnam, IDH and JDE Peet’s Partner in Landmark EUDR Database Project",Dailycoffeenews.com,"A public-private partnership involving the world’s second-largest coffee producer, Vietnam, is resulting in a nationwide database system for forests and coffee-growing areas. Led by the partnership-focused sustainable agriculture nonprofit IDH,...",2024-12-19T17:47:25Z,neutral,0.8257676959037781,"To assess the supply chain risks associated with the described public-private partnership in Vietnam's coffee production, we need to consider several factors related to the information provided in the text.

1. **Partnership Stability**: The involvement of both public and private sectors suggests a collaborative effort, which can be beneficial. However, any instability in either sector (e.g., changes in government policies, private company bankruptcies) could disrupt operations.

2. **Data System Implementation**: The creation of a nationwide database system",0.0,False,Low,Moderate Risk - Negative Sentiment
Pony Coffee Gallops Into Tulsa with First Cafe,Dailycoffeenews.com,"A new coffee roasting company called Pony Coffee is showing itself in Tulsa, with its first cafe in a landmark building in Riverview.  The coffee shop that opened in October...",2025-01-09T14:51:57Z,neutral,0.9909007549285889,"To assess the supply chain risks related to the opening of Pony Coffee in Tulsa, we would need to consider various factors such as sourcing of raw materials, distribution logistics, regulatory compliance, local market conditions, and potential disruptions. Based on the limited information provided in the text, here are some key risk factors to consider:

1. **Sourcing of Raw Materials**: The coffee industry is heavily reliant on the availability of quality coffee beans. Any disruptions in sourcing, whether due to climate change, geopolitical issues",0.5,True,Medium,Moderate Risk - Negative Sentiment
My Essential Christmas Dessert Is Flan,Cupofjo.com,"Flan is pure nostalgia for me. My Tex-Mex mom made it often, blending all the milk and eggs in a blender, agonizing over the caramel, and then shrieking if it unmolded with a crack in the center.… Read more 
The post My Essential Christmas Dessert Is Flan app…",2024-12-18T19:41:14Z,neutral,0.5885751247406006,"The provided text appears to be a nostalgic reflection on making flan, a dessert, rather than a detailed description of a supply chain scenario. However, there are a few points that can be considered from a supply chain risk perspective:

1. **Ingredient Sourcing**: If the flan is made from milk and eggs, there could be risks associated with the sourcing of these ingredients, such as price volatility, supplier reliability, and changes in agricultural production due to climate change.

2. **Manufacturing",0.5,True,Medium,Low Risk - Neutral Sentiment
Starbucks debuts Cortados for first time: See 2025 winter drink menu,USA Today,"A cortado is made with a 1:1 ratio of espresso and steamed milk. Starbucks' Cortado is made with ristretto shots, which are more concentrated.",2025-01-02T20:43:25Z,neutral,0.942744255065918,"To assess the supply chain risks based on the provided text, I would consider the following factors:

1. **Product Introduction**: The introduction of a new product (Cortados) can pose risks related to sourcing ingredients, production capacity, and training staff. If the supply chain is not adequately prepared, it could lead to shortages or delays.

2. **Limited-Edition Menu**: Limited-edition items can create spikes in demand that the supply chain may not be able to accommodate. This could",0.5,True,Medium,Moderate Risk - Negative Sentiment
10 New Countries I Hope To Visit In 2025,Liveandletsfly.com,"I fell far short of the goal in 2023 and again in 2024, but I’m setting what I hope will be an achievable goal in 2025: visit 10 countries I have not previously visited… 10 New Countries For 2025 As I focus on the more important matters of my family, cultivat…",2025-01-02T13:23:31Z,neutral,0.8438835144042969,"The provided text does not contain specific information related to supply chain risks. It appears to be a personal statement about travel goals rather than a discussion of supply chain operations, challenges, or vulnerabilities.

To effectively assess supply chain risks, the text would need to address factors such as:

1. **Supplier Reliability**: Information about suppliers' ability to deliver products on time.
2. **Geopolitical Factors**: Insights into how political instability in certain regions might affect supply chains.
3. **Natural Dis",0.5,True,Medium,Moderate Risk - Negative Sentiment
Beneath the canopy: The economic and environmental impact of shade-grown coffee in India,BusinessLine,"Discover the benefits of shade-grown coffee in India, promoting biodiversity, soil health, and sustainable farming practices.",2024-12-21T06:07:25Z,neutral,0.9960750937461853,"To assess the supply chain risks associated with the text provided, we can break down some key considerations related to the evolution of India's coffee industry towards sustainable practices, particularly shade-grown coffee.

### Risk Assessment Factors

1. **Market Demand Shift**:
   - As sustainable practices gain traction, there may be increased demand for shade-grown coffee. If producers cannot meet this demand, it could lead to supply shortages.
   - **Risk**: Moderate (0.4)

2. **Supply Consistency**",0.0,False,Low,Moderate Risk - Negative Sentiment
Beneath the canopy: The economic and environmental impact of shade-grown coffee in India,BusinessLine,"Discover the benefits of shade-grown coffee in India, promoting biodiversity, soil health, carbon sequestration, and farmer income.",2024-12-15T05:00:00Z,neutral,0.9962818026542664,"To assess the supply chain risks in the provided text about India’s coffee industry and its shift towards sustainable practices, we can consider several factors:

1. **Sustainability Practices**: The text mentions a shift towards sustainable practices such as shade-grown coffee. While this is positive for environmental impact, it can lead to risks associated with the transition period. Farmers might face challenges in adopting new methods, which can affect yield and quality.

2. **Dependency on Natural Conditions**: Shade-grown coffee relies heavily",0.0,False,Low,Moderate Risk - Negative Sentiment
"Indian coffee gains from surging trend in global prices, outlook seen bright",BusinessLine,"Indian coffee sector benefits from global price surge, exports rise, but production challenges persist; sustainability and innovation key for future.",2024-12-30T12:39:49Z,neutral,0.9774865508079529,"To assess the supply chain risks based on the provided text, we can consider several factors:

1. **Dependence on Global Prices**: The Indian coffee sector is significantly influenced by global price surges. While this can lead to increased revenue, it also indicates vulnerability to fluctuations in global markets, which can be risky.

2. **Reliance on Large Producers**: The tight supply from major coffee producers like Brazil suggests a risk of over-reliance. If Brazil or Vietnam faces production issues (",0.5,True,Medium,Moderate Risk - Negative Sentiment
Review: Garuda Indonesia International Lounge Jakarta (CGK),Liveandletsfly.com,"Let me be blunt: the Garudia Indonesia International Lounge in Jakarta (CGK), also called the Executive Lounge, is a sorry excuse for a lounge from a five-star carrier at its main hub of operation. Your best is to visit the nearby Plaza Premium Lounge, also i…",2025-01-06T07:27:41Z,neutral,0.7799553275108337,"To assess supply chain risks based on the provided text, we need to identify potential issues that could impact the supply chain of the airline or its operations at the Jakarta hub. 

1. **Operational Quality**: The text indicates dissatisfaction with the lounge's quality. This could reflect broader operational issues within the airline, such as inadequate service delivery, reduced customer satisfaction, and potential reputational damage, which could affect passenger demand and loyalty.

2. **Customer Experience**: Negative reviews about the lounge can lead",0.5,True,Medium,Moderate Risk - Negative Sentiment
Best of ‘Three Questions’ 2024: Conversations with Coffee Leaders,Dailycoffeenews.com,"Continuing our 2024 Year in Review, here are some highlights from our ongoing “Three Questions With” series, which features people doing amazing work in all corners of the coffee world. ...",2024-12-24T15:01:57Z,contradiction,0.5802028179168701,"To assess the supply chain risks based on the provided text, we would typically look for indicators such as disruptions in sourcing, geopolitical issues, environmental impacts, labor challenges, and logistical concerns. However, the excerpt you provided does not contain specific information about the supply chain, nor does it mention any associated risks. It seems to focus on highlights and features related to individuals in the coffee industry without delving into operational or logistical challenges that would typically raise supply chain risk concerns.

Given the absence of relevant risk factors",0.5,True,Medium,Low Risk - Neutral Sentiment
What is the food of brazil?,Lifesciencesworld.com,"What is the Food of Brazil? Brazil, the largest country in both South America and the Latin American region, is […]
The post What is the food of brazil? appeared first on Life Sciences World.",2025-01-07T08:01:34Z,neutral,0.9703949093818665,"To assess supply chain risks based on the provided text, we need to consider various factors that could impact the supply chain for food in Brazil. Here are some potential risk factors that could be inferred from the context of Brazil's food supply:

1. **Cultural Diversity**: While cultural diversity can enhance food options, it may also complicate supply chains due to varying sourcing requirements, preferences, and seasonal availability of different ingredients.

2. **Geopolitical Stability**: As a large country, Brazil",0.0,False,Low,Moderate Risk - Negative Sentiment
Individual and community-level determinants of knowledge of obstetric danger signs among women in Southern Ethiopia: A multi-level mixed effect negative binomial analysis,Plos.org,"Introduction One of the key strategies to achieve the sustainable development goal by reducing maternal deaths below 70 per 100,000 is improving knowledge of obstetric danger signs (ODS). However, mothers’ knowledge of ODS is low in general and very low in ru…",2025-01-06T14:00:00Z,neutral,0.9320167303085327,"To effectively assess the supply chain risks based on the provided text, we need to consider several key factors typically associated with supply chain disruptions:

1. **Key Stakeholders**: The mention of sustainable development goals and maternal health implies involvement from various stakeholders, including healthcare providers, policymakers, NGOs, and possibly international organizations. If any stakeholder faces operational challenges or misalignment in objectives, this can cause disruptions.

2. **Information Reliability**: The focus on improving knowledge of obstetric danger signs suggests a reliance",0.5,True,Medium,Moderate Risk - Negative Sentiment
Ipoh folk expect more visitors next year,The Star Online,IPOH: Local folk here are excited to learn that Ipoh has been named as one of the must-visit cities in Asia for 2025 by London-based lifestyle magazine Time Out recently. Read full story,2024-12-30T23:00:00Z,neutral,0.9693321585655212,"To assess the supply chain risks based on the provided text, we need to consider the implications of Ipoh being named a must-visit city. While the text does not provide specific details about supply chains, we can infer some potential risks associated with increased tourism and recognition:

1. **Increased Demand for Goods and Services**: As a must-visit city, there may be a surge in demand for local products, services, and hospitality. This could strain existing supply chains if local businesses are not",0.0,False,Low,Moderate Risk - Negative Sentiment
Review: Plaza Premium Lounge Jakarta (CGK),Liveandletsfly.com,"I loved the Plaza Premium Lounge in Jakarta (CGK) Terminal 3, which offers a tranquil environment with a wide selection of food and drink as well as excellent coffee. Plaza Premium Lounge Jakarta Review (CGK) If you are looking for the best lounge at CGK, loo…",2025-01-06T09:18:20Z,neutral,0.46705034375190735,"The provided text primarily expresses a personal opinion about the Plaza Premium Lounge in Jakarta, focusing on its ambiance, food selection, and coffee quality. It does not contain any information related to supply chain operations, logistics, procurement, or any elements that would typically indicate supply chain risks (such as disruptions, delays, supplier reliability, etc.).

Given the lack of relevant supply chain information in the text, the risk score would be:

**Risk Score: 0.0** 

This score reflects that there are",0.5,True,Medium,Low Risk - Neutral Sentiment
Monday: Hili dialogue,Whyevolutionistrue.com,"Welcome to the first Monday of 2025, January 6, 2025. For many it is Back to Work Day, but it’s also National Shortbread Day, a great treat (is it counted as a “biscuit” in the UK), and good for dipping in tea or coffee? I have seen them in rectangles (“finge…",2025-01-06T12:45:23Z,neutral,0.9956501126289368,"The provided text does not contain any information relevant to supply chain risks. It is primarily focused on a date and a celebratory mention of National Shortbread Day without any context about supply chain operations, logistics, vendor relationships, market conditions, or other risk-related factors. 

Given the lack of relevant content to assess for supply chain risks, I would assign a risk score of **0**. This indicates that there are no identifiable supply chain risks present in the text.",0.0,False,Low,Moderate Risk - Negative Sentiment
The end is nigh and here's why,Experimental-history.com,OR: Good Cup Bad Cup,2024-12-18T18:55:18Z,contradiction,0.9982391595840454,"The text you provided appears to be a historical reference rather than a discussion of supply chain risks. It focuses on Christopher Columbus and his motivations for exploration, including a belief in an impending apocalypse. 

To assess supply chain risks, I would typically look for factors such as:

1. **Supplier Stability**: Are suppliers reliable and stable?
2. **Geopolitical Issues**: Are there any political tensions or conflicts that could disrupt supply?
3. **Natural Disasters**: Is the supply chain",0.0,False,Low,Moderate Risk - Negative Sentiment
Canopy House: The Brazilian Jungle Home That Touches the Sky,Homedsgn.com,"Nestled in the heart of a tropical forest in Brazil, surrounded by towering trees and vibrant life, the superb Canopy House rises above the ground.",2025-01-01T21:31:10Z,neutral,0.921295166015625,"To assess the supply chain risks based on the provided text, I will need to consider several factors, including geographical location, environmental conditions, potential disruptions, and any relevant socio-economic factors that might impact the supply chain.

1. **Geographical Location**: The text mentions that the Canopy House is located in a tropical forest in Brazil. This area may be prone to natural disasters such as floods, landslides, or severe weather events, which can disrupt supply chains.

2. **Environmental Conditions",0.5,True,Medium,Moderate Risk - Negative Sentiment
"S. Korea President, Texas Lawsuit Over Abortion Pills, Coffee Prices Soar",NPR,South Korea's parliament impeached President Yoon Suk Yeol for his attempt to impose martial law on the democracy. Texas Attorney General Ken Paxton sued a New York doctor for prescribing abortion medication to a Dallas-area woman.  A drought in Brazil has ca…,2024-12-14T15:21:53Z,contradiction,0.8756148815155029,"The text mentions political instability in South Korea due to the impeachment of President Yoon Suk Yeol, which could lead to supply chain risks such as disruptions in governance, changes in trade policies, or instability in the production environment. Additionally, the reference to a lawsuit in Texas does not directly relate to supply chain risks but highlights ongoing legal and political tensions in the U.S. These factors can contribute to uncertainty in the supply chain, particularly in industries that rely on stable regulatory environments.

Considering these points, I",0.5,True,Medium,Moderate Risk - Negative Sentiment
The Glaring Hypocrisy and Embedded Deceptions of the Global Food Giants,Globalresearch.ca,"Bryce Martinez (18) from Pennsylvania is mounting a legal challenge against major food companies, alleging that their ultra-processed foods (UPFs) led to his development of Type 2 diabetes and fatty liver disease at the age of 16.  
The 11 firms …
The post Th…",2024-12-29T18:19:41Z,neutral,0.9403407573699951,"To assess the text for supply chain risks, we need to consider several factors related to the situation described:

1. **Legal Challenges**: Bryce Martinez's legal challenge against major food companies poses a risk to the companies involved. Legal actions can lead to financial losses, reputational damage, and increased scrutiny from regulators, which may affect supply chain operations.

2. **Regulatory Scrutiny**: The allegation that ultra-processed foods led to health issues may prompt regulatory bodies to investigate or impose new regulations",0.5,True,Medium,Moderate Risk - Negative Sentiment
25 New Coffee Roasters to Support in 2025,Dailycoffeenews.com,"This year, dozens of new facilities dedicated to roasting specialty coffee opened across the United States. While some are led by seasoned industry veterans and others by newcomers, nearly all...",2024-12-30T16:03:08Z,neutral,0.9992527365684509,"To assess the supply chain risks presented in the text, I will analyze the key elements that may contribute to potential vulnerabilities or challenges within the supply chain of the specialty coffee industry. 

1. **New Entrants**: The opening of dozens of new roasting facilities indicates a potentially saturated market. While competition can drive innovation and quality, it also poses risks such as price wars, reduced margins, and operational inefficiencies if new entrants lack experience or adequate capital.

2. **Experience Levels**: The mention",0.5,True,Medium,Moderate Risk - Negative Sentiment
"China, Vietnam and Hong Kong may spring surprises in 2025",Livemint,"Global eyes will turn east for good reason. Under watch will be Hong Kong tycoons, China’s recovery attempt, Chinese business ambitions (and luxury demand) and the impact of Trump’s policies on ‘plus one’ exporter Vietnam.",2024-12-24T09:30:01Z,neutral,0.8521923422813416,"The provided text appears to discuss financial market dynamics and investor behavior but does not contain specific information about supply chain operations, logistics, or related risks. Therefore, it is challenging to directly assess supply chain risks based on this excerpt.

**Assessment of Supply Chain Risks:**
1. **Market Volatility**: The mention of ""China's stock rout"" indicates potential instability in the Chinese market, which could affect global supply chains, especially if Chinese suppliers are involved.
2. **Currency Fluctuations",0.5,True,Medium,Moderate Risk - Negative Sentiment
Bold Deal Turns Out To Be Major Boon For Bill Heinecke’s Minor International,Forbes,"Thai tycoon’s purchase of NH Hotel Group in 2018 made him a major player in hospitality just a year before Covid slammed the industry, but with travel rebounding he is reaping the benefits and putting his energy into global expansion.",2024-12-13T01:30:09Z,neutral,0.9464350938796997,"To assess supply chain risks based on the provided text, it's essential to consider several factors typically associated with supply chain vulnerabilities:

1. **Acquisition and Integration Risks**: The text mentions the acquisition of NH Hotel Group by Minor International. Mergers and acquisitions can often lead to integration challenges. If the integration of systems, cultures, or operations is not managed effectively, it can disrupt supply chains.

2. **Geopolitical Risks**: The operation of a hotel group across different countries (Spain",0.0,False,Low,Moderate Risk - Negative Sentiment
